{"cameraMode":{"drawMode":0,"name":"Shaded","section":"Shading Mode"},"sceneLighting":true,"audioPlay":false,"sceneViewState":{"showFog":true,"showMaterialUpdate":true,"showSkybox":true,"showFlares":true,"showImageEffects":true,"showParticleSystems":true},"in2DMode":false,"pivot":{"x":4.349061489105225,"y":-1.8179242610931397,"z":3.3669273853302},"rotation":{"x":0.36367732286453249,"y":0.020950375124812127,"z":-0.008181587792932988,"w":0.9312534332275391},"size":24.160219192504884,"orthographic":false}