{"cameraMode":{"drawMode":0,"name":"Shaded","section":"Shading Mode"},"sceneLighting":false,"audioPlay":false,"sceneViewState":{"showFog":true,"showMaterialUpdate":false,"showSkybox":true,"showFlares":true,"showImageEffects":true,"showParticleSystems":true},"in2DMode":false,"pivot":{"x":-3.194397211074829,"y":3.106508255004883,"z":8.65771484375},"rotation":{"x":-0.37032580375671389,"y":0.1212601587176323,"z":-0.048828624188899997,"w":-0.919657826423645},"size":14.3450927734375,"orthographic":false}