{"cameraMode":{"drawMode":0,"name":"Shaded","section":"Shading Mode"},"sceneLighting":false,"audioPlay":false,"sceneViewState":{"showFog":true,"showMaterialUpdate":false,"showSkybox":true,"showFlares":true,"showImageEffects":true,"showParticleSystems":true},"in2DMode":false,"pivot":{"x":327.2060241699219,"y":182.20230102539063,"z":52.459228515625},"rotation":{"x":-0.08271640539169312,"y":0.005080384202301502,"z":-0.00042101487633772194,"w":-0.9965600967407227},"size":22.989999771118165,"orthographic":false}